Day,TotalSleepDuration,TimeInBed,Efficiency,AverageHeartRate,LowestHeartRate,AverageHrv,ReadinessContributorsRestingHeartRate,Spo2Average,ReadinessScore
2026-06-01,22362,24162,93,65,56,44,59,95,88
2026-06-02,22673,24473,94,67,58,38,61,98,71
2026-06-03,27583,29383,93,64,55,51,58,96,79
2026-06-04,24374,26174,86,72,63,47,66,97,87
2026-06-05,26660,28460,86,66,57,47,60,96,81
2026-06-06,22521,24321,94,65,56,38,59,96,85
2026-06-07,25879,27679,90,70,61,45,64,98,81
2026-06-08,23686,25486,88,66,57,39,60,97,86
2026-06-09,24811,26611,92,69,60,42,63,95,73
2026-06-10,24908,26708,90,66,57,40,60,98,83
2026-06-11,22185,23985,93,65,56,47,59,97,80
2026-06-12,25964,27764,92,73,64,47,67,98,72
2026-06-13,26798,28598,92,68,59,49,62,95,71
2026-06-14,26171,27971,94,68,59,48,62,98,79
2026-06-15,26087,27887,85,69,60,45,63,97,75
2026-06-16,25478,27278,85,71,62,41,65,97,74
2026-06-17,26212,28012,91,70,61,52,64,98,72
2026-06-18,22918,24718,93,70,61,42,64,96,83
2026-06-19,26936,28736,91,68,59,43,62,98,77
2026-06-20,22829,24629,87,66,57,41,60,96,70
2026-06-21,24753,26553,87,73,64,42,67,97,70
2026-06-22,22799,24599,90,72,63,47,66,97,74
2026-06-23,25937,27737,94,72,63,48,66,95,84
2026-06-24,27141,28941,91,72,63,44,66,98,82
2026-06-25,22556,24356,85,70,61,41,64,95,76
2026-06-26,24498,26298,90,65,56,47,59,95,73
2026-06-27,21961,23761,93,66,57,39,60,97,89
2026-06-28,22106,23906,94,67,58,44,61,96,90
