Date,"Weight (kg)","Fat mass (kg)","Bone mass (kg)","Muscle mass (kg)","Hydration (kg)",Comments
2026-06-01 07:12:00,88.0,21.1,3.7,37.0,45.8,
2026-06-04 07:12:00,87.6,21.0,3.7,36.8,45.6,
2026-06-07 07:12:00,87.1,20.9,3.7,36.6,45.3,
2026-06-07 07:15:00,87.5,21.3,3.7,36.6,45.3,
2026-06-10 07:12:00,86.8,20.8,3.6,36.4,45.1,
2026-06-13 07:12:00,86.3,20.7,3.6,36.2,44.9,
2026-06-16 07:12:00,85.9,20.6,3.6,36.1,44.7,
2026-06-19 07:12:00,85.5,20.5,3.6,35.9,44.5,
2026-06-22 07:12:00,85.1,20.4,3.6,35.7,44.2,
2026-06-25 07:12:00,84.7,20.3,3.6,35.6,44.0,
2026-06-28 07:12:00,84.3,20.2,3.5,35.4,43.8,
